objectid,filename,youtubeid,vimeoid,composer,arranger,title,creator,date,description,subject,location,latitude,longitude,source,identifier,type,format,language,rights,rightsstatement,archive_location,condition
musser1,,,,,,Set of IMSO Manuscript Books from Millersville,Judson Brill,1910-10-14,Set of IMSO Manuscript Books from Millersville signed by C.O. Musser,sheetmusic;marimba,,,,Musser Collection; Dana Kimble; Wells-Rapp Center for Mallet Percussion Reseach Archives,1.6.11.1,Image;Sheetmusic,image;jpeg,eng,Public domain,http://rightsstatements.org/vocab/NoC-US/1.0/,FC1_1,OK
musser2,,,,,,Marimba Melody Maids Folder,Judson Brill,,Assorted Music For Marimba,sheetmusic;marimba,,,,Musser Collection; Dana Kimble; Wells-Rapp Center for Mallet Percussion Reseach Archives,1.6.12,Image;Sheetmusic,image;jpeg,eng,,,FC1_1,Missing
musser3,,,,,,Unidentified Music Folder of Marimba Music,Judson Brill,,,sheetmusic;marimba,,,,Musser Collection; Dana Kimble; Wells-Rapp Center for Mallet Percussion Reseach Archives,1.6.13,Image;Sheetmusic,image;jpeg,eng,,,FC1_1,OK
musser4,,,,,,Allegro Caprice,Judson Brill,,"By Coleridge-Taylor; Arr. Musser, for Marimba Orchestra",sheetmusic;marimba,,,,Musser Collection; Dana Kimble; Wells-Rapp Center for Mallet Percussion Reseach Archives,1.6.14,Image;Sheetmusic,image;jpeg,eng,,,FC1_1,OK
musser5,,,,,,"Anvil Chrous from ""Il Trovatore""",Judson Brill,,"No Score, Arr. Clair Omar Musser for Marimba Orchestra",sheetmusic;marimba,,,,Musser Collection; Dana Kimble; Wells-Rapp Center for Mallet Percussion Reseach Archives,1.6.15,Image;Sheetmusic,image;jpeg,eng,,,FC1_1,Missing
musser6,,,,,,Artists Life,Judson Brill,1951-06-25,"by Strauss, Arr. Clair Omar Musser for Five Part Marimba Orchestra",sheetmusic;marimba,,,,Musser Collection; Dana Kimble; Wells-Rapp Center for Mallet Percussion Reseach Archives,1.6.16,Image;Sheetmusic,image;jpeg,eng,,,FC1_1,OK
musser7,,,,,,Bach Concerto in E minor,Judson Brill,,"By Bach, Arr. Clair Omar Musser For Marimba and Orchestra 
manuscript score, Solo marimba part (Mvt. II), Violin I (all Mvts)
",sheetmusic;marimba,,,,Musser Collection; Dana Kimble; Wells-Rapp Center for Mallet Percussion Reseach Archives,1.6.17.1,Image;Sheetmusic,image;jpeg,eng,,,FC1_1,Missing
musser8,,,,,,Bach Concerto in E Major,Judson Brill,,"For Marimba and Orchestra 
Manuscript Score
Incomplete Set of Parts",sheetmusic;marimba,,,,Musser Collection; Dana Kimble; Wells-Rapp Center for Mallet Percussion Reseach Archives,1.6.18,Image;Sheetmusic,image;jpeg,eng,,,FC1_1,OK
musser9,,,,,,Caprice Viennoise,Judson Brill,,"By Musser
Strings, Harp
No Score ",sheetmusic;marimba,,,,Musser Collection; Dana Kimble; Wells-Rapp Center for Mallet Percussion Reseach Archives,1.6.19.1,Image;Sheetmusic,image;jpeg,eng,,,FC1_1,OK
musser10,,,,,,Carioca & Siboney,Judson Brill,,"For Marimba Orchestra
5 Part Score, 
Parts: Mar. 1 and CB
Percussion Ensemble , by Clair Omar Musser",sheetmusic;marimba,,,,Musser Collection; Dana Kimble; Wells-Rapp Center for Mallet Percussion Reseach Archives,1.6.20.1,Image;Sheetmusic,image;jpeg,eng,,,FC1_1,OK
musser11,,,,,,Carmen for Marimba Orchestra,Judson Brill,,"Arr. Clair Omar Musser, Marimba Orchestra, Contrabass Part",sheetmusic;marimba,,,,Musser Collection; Dana Kimble; Wells-Rapp Center for Mallet Percussion Reseach Archives,1.6.21.1,Image;Sheetmusic,image;jpeg,eng,,,FC1_1,OK
musser12,,,,,,Clair de Lune,Erin Philips,,"Claude Debussy, Arr. Clair Omar Musser for Marimba Orchestra",sheetmusic;marimba,,,,Musser Collection; Dana Kimble; Wells-Rapp Center for Mallet Percussion Reseach Archives,1.6.22.1,Image;Sheetmusic,image;jpeg,eng,,,FC1_1,OK
musser13,,,,,,"Concert for Marimba, Op. 21",Erin Philips,,"By Paul Creston, Full Manuscript Score, Piano/Marimba Score, Solo marimba Part, Owned by Clair Omar Musser",sheetmusic;marimba,,,,Musser Collection; Dana Kimble; Wells-Rapp Center for Mallet Percussion Reseach Archives,1.6.23.1,Image;Sheetmusic,image;jpeg,eng,,,FC1_1,OK
musser14,,,,,,Concerto in F,Erin Philips,,"By Gershwin, Arr. Clair Omar Musser, 3-Mallet Marimba solo part for Mvt. III, No Score",sheetmusic;marimba,,,,Musser Collection; Dana Kimble; Wells-Rapp Center for Mallet Percussion Reseach Archives,1.6.24.1,Image;Sheetmusic,image;jpeg,eng,,,FC1_1,OK
musser15,,,,,,Concerto in G minor,Erin Philips,,"By Saint-Saens, Arr. Musser, For Marimba Orchestra, 5-parts + Conrabass, Socre says: Second Concerto",sheetmusic;marimba,,,,Musser Collection; Dana Kimble; Wells-Rapp Center for Mallet Percussion Reseach Archives,1.6.25.1,Image;Sheetmusic,image;jpeg,eng,,,FC1_1,OK
musser16,,,,,,Danse de la Chevre,Judson Brill,,"By Honegger, Arr. Musser, For 2-Malelt Marimba and Piano",sheetmusic;marimba,,,,Musser Collection; Dana Kimble; Wells-Rapp Center for Mallet Percussion Reseach Archives,1.6.26.1,Image;Sheetmusic,image;jpeg,eng,,,FC1_1,OK
musser17,,,,,,Dance of the Comedians,Judson Brill,,"By Smetana, Arr. Musser, For Marimba Orchestra",sheetmusic;marimba,,,,Musser Collection; Dana Kimble; Wells-Rapp Center for Mallet Percussion Reseach Archives,1.6.27.1,Image;Sheetmusic,image;jpeg,eng,,,FC1_1,OK
musser18,,,,,,Down Home Rag,Judson Brill,,"By Wilber C. Sweatman, For Small Orchestra, Signed by Vera McNary",sheetmusic;marimba,,,,Musser Collection; Dana Kimble; Wells-Rapp Center for Mallet Percussion Reseach Archives,1.6.28.1,Image;Sheetmusic,image;jpeg,eng,,,FC1_1,OK
musser19,,,,,,Emperor Waltz,Judson Brill,,"Strauss, Arr. Musser, For Marimba Orchestra",sheetmusic;marimba,,,,Musser Collection; Dana Kimble; Wells-Rapp Center for Mallet Percussion Reseach Archives,1.6.29.1,Image;Sheetmusic,image;jpeg,eng,,,FC1_1,OK
musser20,,,,,,"Etude, Op.6, No.10",Judson Brill,,"By Clair Omar Musser, For Solo Marimba, Published by Gamble Hinged Music Inc. ",sheetmusic;marimba,,,,Musser Collection; Dana Kimble; Wells-Rapp Center for Mallet Percussion Reseach Archives,1.6.30.1,Image;Sheetmusic,image;jpeg,eng,,,FC1_1,OK
musser21,,,,,,Etude in C Major,Judson Brill,,"For 2-Mallet Marimba and Full Orchestra/Piano
From Kansas City Philharmonic
""For Vera McNary""
Solo Marimba Part with Piano 
Full Orchestra Score
Full set of Orchestra Parts",sheetmusic;marimba,,,,Musser Collection; Dana Kimble; Wells-Rapp Center for Mallet Percussion Reseach Archives,1.6.31.1,Image;Sheetmusic,image;jpeg,eng,,,FC1_1,OK
musser22,,,,,,"Etude, Op.10, No.6",Judson Brill,,"By Chopin, Arr. Musser
For Marimba",sheetmusic;marimba,,,,Musser Collection; Dana Kimble; Wells-Rapp Center for Mallet Percussion Reseach Archives,1.6.32.1,Image;Sheetmusic,image;jpeg,eng,,,FC1_1,OK
musser23,,,,,,"Etude, Op.18 No.10",Judson Brill,,"Ferdinand Turini, Transcribed by Musser
Solo Marimba",sheetmusic;marimba,,,,Musser Collection; Dana Kimble; Wells-Rapp Center for Mallet Percussion Reseach Archives,1.6.33,Image;Sheetmusic,image;jpeg,eng,,,FC1_1,OK
musser24,,,,,,"Etude, Op.11,No. 4",Judson Brill,1954-10-01,"By Clair Omar Musser, For Solo Marimba",sheetmusic;marimba,,,,Musser Collection; Dana Kimble; Wells-Rapp Center for Mallet Percussion Reseach Archives,1.6.34,Image;Sheetmusic,image;jpeg,eng,,,FC1_1,OK
musser25,,,,,,"Etude, Op.17, No. 2",Judson Brill,,"By Clair Omar Musser, For Solo Marimba, Unpublished",sheetmusic;marimba,,,,Musser Collection; Dana Kimble; Wells-Rapp Center for Mallet Percussion Reseach Archives,1.6.35,Image;Sheetmusic,image;jpeg,eng,,,FC1_1,OK
musser26,,,,,,Finlandia,Judson Brill,,"Folder Containing  Manuscript of Finlandia by Sibelius, Arr. Musser for Marimba Orchestra and Published version from 1941",sheetmusic;marimba,,,,Musser Collection; Dana Kimble; Wells-Rapp Center for Mallet Percussion Reseach Archives,1.6.36,Image;Sheetmusic,image;jpeg,eng,,,FC1_1,OK
musser27,,,,,,Folio of Manuscripts,Judson Brill,,"IMSO Music, ""Sibooney"", Musser's Sketches for Concerto in E Minor (4 - Movements)",sheetmusic;marimba,,,,Musser Collection; Dana Kimble; Wells-Rapp Center for Mallet Percussion Reseach Archives,1.6.37,Image;Sheetmusic,image;jpeg,eng,,,FC1_1,Missing
musser28,,,,,,Folio of IMSO Music,Judson Brill,,IMSO Music including God Save the King,sheetmusic;marimba;IMSO,,,,Musser Collection; Dana Kimble; Wells-Rapp Center for Mallet Percussion Reseach Archives,1.6.38,Image;Sheetmusic,image;jpeg,eng,,,FC1_1,Missing
musser29,,,,,,Contrabass Marimba Folder,Judson Brill,,"-Carmen
-Carioca
-Pomp and Circumstance
-Franck Symphony
-Largo from New World Symphony
-Perpetual Motion
-Siboney
-Artist's Life
-The Emperor Waltz
-Andante from Tchaik Symphony No. 5",sheetmusic;marimba,,,,Musser Collection; Dana Kimble; Wells-Rapp Center for Mallet Percussion Reseach Archives,1.6.39.1,Image;Sheetmusic,image;jpeg,eng,,,FC1_1,OK
musser30,,,,,,Greensleeves,Judson Brill,,"Musser, 4-Mallet Marimba",sheetmusic;marimba,,,,Musser Collection; Dana Kimble; Wells-Rapp Center for Mallet Percussion Reseach Archives,1.6.40.1,Image;Sheetmusic,image;jpeg,eng,,,FC1_1,OK
musser31,,,,,,Il Trovatore,Judson Brill,,"Verdi, Arr. Musser
For Marimba Orchestra
Manuscript Score",sheetmusic;marimba,,,,Musser Collection; Dana Kimble; Wells-Rapp Center for Mallet Percussion Reseach Archives,1.6.41.1,Image;Sheetmusic,image;jpeg,eng,,,FC1_1,OK
musser32,,,,,,In a Monastery Garden,Judson Brill,,"Ketelbey, arr. Musser
Marimba 2 and 3 Part",sheetmusic;marimba,,,,Musser Collection; Dana Kimble; Wells-Rapp Center for Mallet Percussion Reseach Archives,1.6.42.1,Image;Sheetmusic,image;jpeg,eng,,,FC1_1,OK
musser33,,,,,,Jealosie,Judson Brill,,"4-Mallet Marimba Solo
Reverse Negative Copy",sheetmusic;marimba,,,,Musser Collection; Dana Kimble; Wells-Rapp Center for Mallet Percussion Reseach Archives,1.6.43.1,Image;Sheetmusic,image;jpeg,eng,,,FC1_1,OK
musser34,,,,,,"Jesu, Joy of Man's Desiring",Judson Brill,1944-01-01,Bach/Arr. Musser,sheetmusic;marimba,,,,Musser Collection; Dana Kimble; Wells-Rapp Center for Mallet Percussion Reseach Archives,1.6.44.1,Image;Sheetmusic,image;jpeg,eng,,,FC1_1,OK
musser35,,,,,,Kammenoi-Ostrow,Judson Brill,,"Clair Omar Musser
4-Mallet Marimba SoloRubenstein/ Arr. Musser
Marimba Orchestra
Manuscript Score",sheetmusic;marimba,,,,Musser Collection; Dana Kimble; Wells-Rapp Center for Mallet Percussion Reseach Archives,1.6.45.1,Image;Sheetmusic,image;jpeg,eng,,,FC1_1,OK
musser36,,,,,,Melody in F,Judson Brill,,"Clair Omar Musser
4-Mallet Marimba Solo",sheetmusic;marimba,,,,Musser Collection; Dana Kimble; Wells-Rapp Center for Mallet Percussion Reseach Archives,1.6.46.1,Image;Sheetmusic,image;jpeg,eng,,,FC1_1,OK
musser37,,,,,,Largo from a New World Symphony,Judson Brill,,"Dovark/ Arr. Musser
For Marimba Orchestra
Manuscript Score
Folio also contains lyrics to Going Home and Finlandia4-Mallet Marimba Solo",sheetmusic;marimba,,,,Musser Collection; Dana Kimble; Wells-Rapp Center for Mallet Percussion Reseach Archives,1.6.47.1,Image;Sheetmusic,image;jpeg,eng,,,FC1_1,OK
musser38,,,,,,Les Demons s'amusemt,Judson Brill,,"Rebikov, Arr. Musser
2-Mallet Marimba with piano ",sheetmusic;marimba,,,,Musser Collection; Dana Kimble; Wells-Rapp Center for Mallet Percussion Reseach Archives,1.6.48.1,Image;Sheetmusic,image;jpeg,eng,,,FC1_1,OK
musser39,,,,,,Moto Perpetuo,Judson Brill,,"Paganini/Arr. Musser
Full Orchestra Score",sheetmusic;marimba,,,,Musser Collection; Dana Kimble; Wells-Rapp Center for Mallet Percussion Reseach Archives,1.6.49.1,Image;Sheetmusic,image;jpeg,eng,,,FC1_1,OK
musser40,,,,,,Namm Song,Judson Brill,,"C.O. Musser
Big Band 
Written for the Golden Anniversary of NAMM.",sheetmusic;marimba,,,,Musser Collection; Dana Kimble; Wells-Rapp Center for Mallet Percussion Reseach Archives,1.6.50.1,Image;Sheetmusic,image;jpeg,eng,,,FC1_1,OK
musser41,,,,,,Pavanne,Judson Brill,,"Morton Gould/ arr. W.R. Mercer
Marimba Quartet",sheetmusic;marimba,,,,Musser Collection; Dana Kimble; Wells-Rapp Center for Mallet Percussion Reseach Archives,1.6.51.1,Image;Sheetmusic,image;jpeg,eng,,,FC1_1,OK
musser42,,,,,,Petite Zylo,Judson Brill,,"William Dorn
Solo Xylophone and Percussion Ensemble
Xylo II, Marimba, Bass, Bells, Vibes with Piano Conductor Score. ",sheetmusic;marimba,,,,Musser Collection; Dana Kimble; Wells-Rapp Center for Mallet Percussion Reseach Archives,1.6.52.1,Image;Sheetmusic,image;jpeg,eng,,,FC1_1,OK
musser43,,,,,,Pomp and Circumstance,Judson Brill,,"Elgar, Arr. Musser
Marimba Orchestra
Manuscript Score and Parts
Arranged for IMSO",sheetmusic;marimba,,,,Musser Collection; Dana Kimble; Wells-Rapp Center for Mallet Percussion Reseach Archives,1.6.53.1,Image;Sheetmusic,image;jpeg,eng,,,FC1_1,OK
musser44,,,,,,Prelude #1,Judson Brill,,"J.S. Bach, Arr. Musser
4-Mallet Marimba Solo",sheetmusic;marimba,,,,Musser Collection; Dana Kimble; Wells-Rapp Center for Mallet Percussion Reseach Archives,1.6.54.1,Image;Sheetmusic,image;jpeg,eng,,,FC1_1,OK
musser45,,,,,,Prelude #2,Judson Brill,,"J.S. Bach, Arr. Musser
4-Mallet Marimba Solo",sheetmusic;marimba,,,,Musser Collection; Dana Kimble; Wells-Rapp Center for Mallet Percussion Reseach Archives,1.6.55.1,Image;Sheetmusic,image;jpeg,eng,,,FC1_1,OK
musser46,,,,,,Prelude #3,Judson Brill,,"J.S. Bach, Arr. Musser
4-Mallet Marimba Solo",sheetmusic;marimba,,,,Musser Collection; Dana Kimble; Wells-Rapp Center for Mallet Percussion Reseach Archives,1.6.56.1,Image;Sheetmusic,image;jpeg,eng,,,FC1_1,OK
musser47,,,,,,Prelude in B minor,Judson Brill,,"J.S. Bach, Arr. Musser
Marimba Orchestra
Parts 1 and 2 only",sheetmusic;marimba,,,,Musser Collection; Dana Kimble; Wells-Rapp Center for Mallet Percussion Reseach Archives,1.6.57.1,Image;Sheetmusic,image;jpeg,eng,,,FC1_1,OK
musser48,,,,,,"Prelude, Op.11, No.3",Judson Brill,,"Clair Omar Musser
2-Mallet Marimba Solo with Piano Accompaniment
Dedicated to Dr. John W. Beattie, Dean, School of Music, Northwestern University, October 1947",sheetmusic;marimba,,,,Musser Collection; Dana Kimble; Wells-Rapp Center for Mallet Percussion Reseach Archives,1.6.58.1,Image;Sheetmusic,image;jpeg,eng,,,FC1_1,OK
musser49,,,,,,"Prelude, Op 11, No. 7 ""Prelude Canterbury""",Judson Brill,1951-03-01,"Clair Omar Musser
4-Mallet Solo 
March 1951",sheetmusic;marimba,,,,Musser Collection; Dana Kimble; Wells-Rapp Center for Mallet Percussion Reseach Archives,1.6.59.1,Image;Sheetmusic,image;jpeg,eng,,,FC1_1,OK
musser50,,,,,,Prelude,Judson Brill,,"Heinrich Pachulsky, Arr. Musser
4-Mallet Marimba Solo",sheetmusic;marimba,,,,Musser Collection; Dana Kimble; Wells-Rapp Center for Mallet Percussion Reseach Archives,1.6.60,Image;Sheetmusic,image;jpeg,eng,,,FC1_1,OK
musser51,,,,,,Prelude Opus 7 2 3,Judson Brill,,"Rachmaninoff, Arr. Musser
Solo Marimba and Piano\",sheetmusic;marimba,,,,Musser Collection; Dana Kimble; Wells-Rapp Center for Mallet Percussion Reseach Archives,1.6.61.1,Image;Sheetmusic,image;jpeg,eng,,,FC1_2,OK
musser52,,,,,,Rhapsody in Blue,Judson Brill,,"Gershwin
Piano Score Pages 13-20",sheetmusic;marimba,,,,Musser Collection; Dana Kimble; Wells-Rapp Center for Mallet Percussion Reseach Archives,1.6.62.1,Image;Sheetmusic,image;jpeg,eng,,,FC1_2,OK
musser53,,,,,,Rigoletto Quartet (Paraphrase),Judson Brill,,"Arr. Clair Omar Musser
4-Mallet Marimba Solo",sheetmusic;marimba,,,,Musser Collection; Dana Kimble; Wells-Rapp Center for Mallet Percussion Reseach Archives,1.6.63.1,Image;Sheetmusic,image;jpeg,eng,,,FC1_2,OK
musser54,,,,,,Romeo and Juliet Fantasy,Judson Brill,,"Tchaikovsky, Arr. Musser
4-Mallet Marimba Solo",sheetmusic;marimba,,,,Musser Collection; Dana Kimble; Wells-Rapp Center for Mallet Percussion Reseach Archives,1.6.64.1,Image;Sheetmusic,image;jpeg,eng,,,FC1_2,OK
musser55,,,,,,"Rondo Capriccioso, Op.14",Judson Brill,,"Felix Mendelssohn
3 Scores, Vln 1 Part",sheetmusic;marimba,,,,Musser Collection; Dana Kimble; Wells-Rapp Center for Mallet Percussion Reseach Archives,1.6.65.1,Image;Sheetmusic,image;jpeg,eng,,,FC1_2,OK
musser56,,,,,,Rondo-Perpetuum Mobile,Judson Brill,,"C.M. von Weber
Chamber Orchestra with Marimba Solo",sheetmusic;marimba,,,,Musser Collection; Dana Kimble; Wells-Rapp Center for Mallet Percussion Reseach Archives,1.6.66.1,Image;Sheetmusic,image;jpeg,eng,,,FC1_2,OK
musser57,,,,,,Round of the Golblins (La Ronde des Lutins) Op.25,Judson Brill,,"Bazzini
No other information",sheetmusic;marimba,,,,Musser Collection; Dana Kimble; Wells-Rapp Center for Mallet Percussion Reseach Archives,1.6.67.1,Image;Sheetmusic,image;jpeg,eng,,,FC1_2,OK
musser58,,,,,,Sabre Dance from Gayne Ballet,Judson Brill,,"Marimba 5 only
no other information",sheetmusic;marimba,,,,Musser Collection; Dana Kimble; Wells-Rapp Center for Mallet Percussion Reseach Archives,1.6.68.1,Image;Sheetmusic,image;jpeg,eng,,,FC1_2,OK
musser59,,,,,,Salterello,Judson Brill,,"Wieneoski
Marimba Solo and Orchestra",sheetmusic;marimba,,,,Musser Collection; Dana Kimble; Wells-Rapp Center for Mallet Percussion Reseach Archives,1.6.69.1,Image;Sheetmusic,image;jpeg,eng,,,FC1_2,OK
musser60,,,,,,The Lord's Prayer,Judson Brill,,"V.M.D
4-Mallet Marimba Solo",sheetmusic;marimba,,,,Musser Collection; Dana Kimble; Wells-Rapp Center for Mallet Percussion Reseach Archives,1.6.70.1,Image;Sheetmusic,image;jpeg,eng,,,FC1_2,Missing
musser61,,,,,,Tico-Tico,Judson Brill,,"Abreu/Arr. Musser
Marimba Orchestra and String Orchestra
Includes all parts Mar.1-5 and String Parts
Score Entitled ""Marimba Mambo""",sheetmusic;marimba,,,,Musser Collection; Dana Kimble; Wells-Rapp Center for Mallet Percussion Reseach Archives,1.6.71.1,Image;Sheetmusic,image;jpeg,eng,,,FC1_2,OK
musser62,,,,,,Tico-Tico,Judson Brill,,"Big Band Arrangement for Vera Daehlin
Arr. Don Tiff",sheetmusic;marimba,,,,Musser Collection; Dana Kimble; Wells-Rapp Center for Mallet Percussion Reseach Archives,1.6.72.1,Image;Sheetmusic,image;jpeg,eng,,,FC1_2,OK
musser63,,,,,,Unidentified manuscript for solo marimba and piano,Judson Brill,,"Musser
Pages 9-24",sheetmusic;marimba,,,,Musser Collection; Dana Kimble; Wells-Rapp Center for Mallet Percussion Reseach Archives,1.6.73.1,Image;Sheetmusic,image;jpeg,eng,,,FC1_2,OK
musser64,,,,,,Valse Concert,Judson Brill,,"Walter Goodell
Full Orchestra and Solo Marimba",sheetmusic;marimba,,,,Musser Collection; Dana Kimble; Wells-Rapp Center for Mallet Percussion Reseach Archives,1.6.74.1,Image;Sheetmusic,image;jpeg,eng,,,FC1_2,OK
musser65,,,,,,Valse of the Flowers                        ,Judson Brill,,"Tchaikovsky, Arr. Musser
Marimba Orchestra 
Score and all parts

Folio also includes published scores presumably used for source material. ",sheetmusic;marimba,,,,Musser Collection; Dana Kimble; Wells-Rapp Center for Mallet Percussion Reseach Archives,1.6.75.1,Image;Sheetmusic,image;jpeg,eng,,,FC1_2,OK
musser66,,,,,,Valse Scherzo,Judson Brill,,"Tchaikovsky, Arr. Musser
Solo marimba and piano",sheetmusic;marimba,,,,Musser Collection; Dana Kimble; Wells-Rapp Center for Mallet Percussion Reseach Archives,1.6.76.1,Image;Sheetmusic,image;jpeg,eng,,,FC1_2,OK
musser67,,,,,,Varmeland (Scandanavian Folk  Song)              ,Judson Brill,,"Arr. Clair Omar Musser
4-Mallet Marimba Solo",sheetmusic;marimba,,,,Musser Collection; Dana Kimble; Wells-Rapp Center for Mallet Percussion Reseach Archives,1.6.77.1,Image;Sheetmusic,image;jpeg,eng,,,FC1_2,OK
musser68,,,,,,Warsaw Concerto                        ,Judson Brill,,"Addinsell, arr. Musser
Marimba Orchestra
Score and all parts (Mar. 1-5)",sheetmusic;marimba,,,,Musser Collection; Dana Kimble; Wells-Rapp Center for Mallet Percussion Reseach Archives,1.6.78.1,Image;Sheetmusic,image;jpeg,eng,,,FC1_2,OK
musser69,,,,,,50 Syncopated Breaks for Xylophone,Judson Brill,1927,By Teddy Brown,sheetmusic;marimba,,,,Musser Collection; Dana Kimble; Wells-Rapp Center for Mallet Percussion Reseach Archives,1.6.79.1,Image;Sheetmusic,image;jpeg,eng,,,FC1_2,OK
musser70,,,,,,Fantasy on the Arkansas Traveler,Judson Brill,1942,By Musser,sheetmusic;marimba,,,,Musser Collection; Dana Kimble; Wells-Rapp Center for Mallet Percussion Reseach Archives,1.6.81.1,Image;Sheetmusic,image;jpeg,eng,,,FC1_2,Missing
musser71,,,,,,Fantasy on the St. Patrick's Day,Judson Brill,1942,By Musser,sheetmusic;marimba,,,,Musser Collection; Dana Kimble; Wells-Rapp Center for Mallet Percussion Reseach Archives,1.6.82.1,Image;Sheetmusic,image;jpeg,eng,,,FC1_2,OK
musser72,,,,,,Folio 1- Brahms Lullaby,Judson Brill,,Arranged for Vibraphone by Musser,sheetmusic;marimba,,,,Musser Collection; Dana Kimble; Wells-Rapp Center for Mallet Percussion Reseach Archives,1.6.83,Image;Sheetmusic,image;jpeg,eng,,,FC1_2,OK
musser73,,,,,,G.H. Green's Instruction Course for Xylophone,Judson Brill,,"Boxed Set Includes #6, #8-35",sheetmusic;xylophone,,,,Musser Collection; Dana Kimble; Wells-Rapp Center for Mallet Percussion Reseach Archives,1.6.84.1,Image;Sheetmusic,image;jpeg,eng,,,FC1_2,OK
musser74,,,,,,G.H. Green's Instruction Course for Xylophone,Judson Brill,,Boxed Set Includes #4-49,sheetmusic;xylophone,,,,Musser Collection; Dana Kimble; Wells-Rapp Center for Mallet Percussion Reseach Archives,1.6.84.2,Image;Sheetmusic,image;jpeg,eng,,,FC1_2,OK
musser75,,,,,,G.H. Green's Instruction Course for Xylophone,Judson Brill,,Boxed Set Includes #1-35,sheetmusic;xylophone,,,,Musser Collection; Dana Kimble; Wells-Rapp Center for Mallet Percussion Reseach Archives,1.6.84.3,Image;Sheetmusic,image;jpeg,eng,,,FC1_2,OK
musser76,,,,,,Mignon Overture,Judson Brill,,"By Ambrose Thomas
Piano Score in B-Flat",sheetmusic;marimba,,,,Musser Collection; Dana Kimble; Wells-Rapp Center for Mallet Percussion Reseach Archives,1.6.88.1,Image;Sheetmusic,image;jpeg,eng,,,FC1_2,OK
musser77,,,,,,Polonaise Brilliante Op.72,Judson Brill,1943,"By C.M. Weber, Arr. Musser
For solo Marimba and Piano.
Signed by Musser",sheetmusic;marimba,,,,Musser Collection; Dana Kimble; Wells-Rapp Center for Mallet Percussion Reseach Archives,1.6.89.1,Image;Sheetmusic,image;jpeg,eng,,,FC1_2,OK
musser78,,,,,,Polonaise Brilliante Op.72,Judson Brill,1943,"By C.M. Weber, Arr. Musser
For solo Marimba and Piano.",sheetmusic;marimba,,,,Musser Collection; Dana Kimble; Wells-Rapp Center for Mallet Percussion Reseach Archives,1.6.89.2,Image;Sheetmusic,image;jpeg,eng,,,FC1_2,OK
musser79,,,,,,The Music of Chopin,Judson Brill,1940,"Master Works for the Marimba by C.O. Musser
-Nocturne (Posthumous) Op. 72 No.1
-Etude in F minor, Op.25 No.2
-Valse, Op.64 No.2
-Fantasie Impromptu, Op.66
-Mazurka, Op.17
-Nocturne, Op. 27 No.2
-Etude, Op.10 No.2
-Minute Waltz, Op.64 No.1
-Valse (Posthumous) Op.70 No.1
-Valse Brilliante, Op.34 No.1",sheetmusic;marimba,,,,Musser Collection; Dana Kimble; Wells-Rapp Center for Mallet Percussion Reseach Archives,1.6.90.1,Image;Sheetmusic,image;jpeg,eng,,,FC1_2,OK
musser80,,,,,,Forster Music Publishing Series,Judson Brill,1940,Series of Marimba Orchestra arrangements by Musser,sheetmusic;marimba,,,,Musser Collection; Dana Kimble; Wells-Rapp Center for Mallet Percussion Reseach Archives,1.6.91,Image;Sheetmusic,image;jpeg,eng,,,FC1_2,OK
musser81,,,,,,Andante from Tchaikovsky Symphony No. 5,Judson Brill,1940,"Forster Music Publishing Series
Mar. Part 1-3",sheetmusic;marimba,,,,Musser Collection; Dana Kimble; Wells-Rapp Center for Mallet Percussion Reseach Archives,1.6.91.1,Image;Sheetmusic,image;jpeg,eng,,,FC1_2,OK
musser82,,,,,,Bolero,Judson Brill,1940,Forster Music Publishing Series,sheetmusic;marimba,,,,Musser Collection; Dana Kimble; Wells-Rapp Center for Mallet Percussion Reseach Archives,1.6.91.2,Image;Sheetmusic,image;jpeg,eng,,,FC1_2,OK
musser83,,,,,,Selections from Carmen,Judson Brill,1940,"Marimba Orchestra Arr. Musser
Forster Music Publishing Series",sheetmusic;marimba,,,,Musser Collection; Dana Kimble; Wells-Rapp Center for Mallet Percussion Reseach Archives,1.6.91.3,Image;Sheetmusic,image;jpeg,eng,,,FC1_2,OK
musser84,,,,,,Dance of the Comedians,Judson Brill,1940,"Marimba Orchestra Arr. Musser
Forster Music Publishing Series
Parts 3-5, CB",sheetmusic;marimba,,,,Musser Collection; Dana Kimble; Wells-Rapp Center for Mallet Percussion Reseach Archives,1.6.91.4,Image;Sheetmusic,image;jpeg,eng,,,FC1_2,OK
musser85,,,,,,Finlandia,Judson Brill,1940,"Marimba Orchestra Arr. Musser
Forster Music Publishing Series

Includes Manuscript Score",sheetmusic;marimba,,,,Musser Collection; Dana Kimble; Wells-Rapp Center for Mallet Percussion Reseach Archives,1.6.91.5,Image;Sheetmusic,image;jpeg,eng,,,FC1_2,OK
musser86,,,,,,Flight of the Bumblebee,Judson Brill,1940,"Marimba Orchestra Arr. Musser
Forster Music Publishing Series
Additional Manuscript Score",sheetmusic;marimba,,,,Musser Collection; Dana Kimble; Wells-Rapp Center for Mallet Percussion Reseach Archives,1.6.91.6,Image;Sheetmusic,image;jpeg,eng,,,FC1_2,OK
musser87,,,,,,Marriage of Figaro,Judson Brill,1940,"Marimba Orchestra Arr. Musser
Forster Music Publishing Series",sheetmusic;marimba,,,,Musser Collection; Dana Kimble; Wells-Rapp Center for Mallet Percussion Reseach Archives,1.6.91.7,Image;Sheetmusic,image;jpeg,eng,,,FC1_2,OK
musser88,,,,,,Sweet and Low & My Old Kentucky Home,Judson Brill,1940,"Marimba Orchestra Arr. Musser
Forster Music Publishing Series",sheetmusic;marimba,,,,Musser Collection; Dana Kimble; Wells-Rapp Center for Mallet Percussion Reseach Archives,1.6.91.8,Image;Sheetmusic,image;jpeg,eng,,,FC1_2,OK
musser89,,,,,,Pilgrims Chorus,Judson Brill,1940,"Marimba Orchestra Arr. Musser
Forster Music Publishing Series
5 copies of each part",sheetmusic;marimba,,,,Musser Collection; Dana Kimble; Wells-Rapp Center for Mallet Percussion Reseach Archives,1.6.91.9,Image;Sheetmusic,image;jpeg,eng,,,FC1_2,OK
musser90,,,,,,Taume-Reves                        ,Judson Brill,1940,"Marimba Orchestra Arr. Musser
Forster Music Publishing Series
Includes CB part",sheetmusic;marimba,,,,Musser Collection; Dana Kimble; Wells-Rapp Center for Mallet Percussion Reseach Archives,1.6.91.10,Image;Sheetmusic,image;jpeg,eng,,,FC1_2,OK
musser91,,,,,,Valse-Scherzo Op.34                        ,Judson Brill,,"Tchaikovsky, Arr. Musser
Marimba and Orchestra
Out-of-Print",sheetmusic;marimba,,,,Musser Collection; Dana Kimble; Wells-Rapp Center for Mallet Percussion Reseach Archives,1.6.92,Image;Sheetmusic,image;jpeg,eng,,,FC1_2,OK
musser92,,,,,,God Save the King/ Prelude in Em Op. 28 No. 4,Judson Brill,1988-07-21,Arrangement of God Save the King and Chopin Prelude in Em Op. 28. No. 4,sheetmusic;marimba,,,,Musser Collection; Dana Kimble; Wells-Rapp Center for Mallet Percussion Reseach Archives,1.6.93.1,Image;Sheetmusic,image;jpeg,eng,,,FC1_2,OK
musser93,,,,,,Letter to Kathleen Kastner from Northwestern University,Andrew Veit,,"Coorespondance to Kathleen Kastner from University Archivist, Patrick M. Quinn, in reference to her query on the filed information of Clair Musser's employment at Northwestern University",letter;kastner,,,,Musser Collection; Dana Kimble; Wells-Rapp Center for Mallet Percussion Reseach Archives,1.4.1.1,Image;letter,image;jpeg,eng,,,FC1_2,New
musser94,,,,,,Photograph of Musser playing bass marimba,Andrew Veit,,Photograph of Musser playing a Canterbury Bass Marimba with two femal students,photo;musser,,,,Musser Collection; Dana Kimble; Wells-Rapp Center for Mallet Percussion Reseach Archives,1.3.2.1,Image;Stillimage,image;jpeg,eng,,,FC1_2,Good
musser95,,,,,,Photograph of Dr. Lawarence Lacour in Japan,Andrew Veit,,"Dr. Lawrence Lacour with (Left to Right) Leontine Ostlund, Mildred Lacour, and Lois Seashore with marimbas from Clair Omar Musser's International Marimba Symphony Orchestra (Deagan King George model Marimbas).",photo;musser,,,,Musser Collection; Dana Kimble; Wells-Rapp Center for Mallet Percussion Reseach Archives,1.3.3.1,Image;Stillimage,image;jpeg,eng,,,FC1_2,Good
musser96,,,,,,Letter to Kathleen Kastner from Mildred Lacour,Andrew Veit,,A letter to Kathleen Kastner from Mildred Lacour on the mision work her and her husband Dr. Lawrence Lacour did in Japan post WWII using King George Instruments. Mentions of Keiko Abe.,letter;kastner,,,,Musser Collection; Dana Kimble; Wells-Rapp Center for Mallet Percussion Reseach Archives,1.4.4.1,Image;letter,image;jpeg,eng,,,FC1_2,New
musser97,,,,,,Grinell College Latin American Marimba Ensemble Concert,Andrew Veit,1983-04-29,"A program from the April 29, 1983 Grinell College concert. Ted Solis, Director",program,"Grinell College, Iowa",,,Musser Collection; Dana Kimble; Wells-Rapp Center for Mallet Percussion Reseach Archives,1.5.1.1,Image;Stillimage,image;jpeg,eng,,,FC1_2,Ok
musser98,,,,,,Photograph,Andrew Veit,,Photograph with four people playing king George Marimbas circe 1950s,photograph,,,,Musser Collection; Dana Kimble; Wells-Rapp Center for Mallet Percussion Reseach Archives,1.3.4.1,Image;Stillimage,image;jpeg,eng,,,FC1_2,Good
musser99,,,,,,Newspaper clipping featuring Musser Chicagoland Music Festival Marimba Orchestra,Andrew Veit,1940-11,Newspaper clipping featuring the CMFMO under the direction of Clair Musser. Photograph view of the 100 person orchestra from behind above.,clipping;news,"Chicago, Illinois",,,Musser Collection; Dana Kimble; Wells-Rapp Center for Mallet Percussion Reseach Archives,1.5.2.1,Image;Stillimage,image;jpeg,eng,,,FC1_2,Good
musser100,,,,,,Newspaper clipping introducing the Marimba celester,Andrew Veit,1930-08,Newspaper clipping from Metronome newspaper p 34 featuring Clair Omar Musser's Marimba Celeste created by J C Deagan.,clipping;news,"Chicago, Illinois",,,Musser Collection; Dana Kimble; Wells-Rapp Center for Mallet Percussion Reseach Archives,1.5.3.1,Image;Stillimage,image;jpeg,eng,,,FC1_2,Good
musser101,,,,,,Newspaper/Periodical Accounts,Andrew Veit,1933;1956,Collection of Newspaper and periodical accounts featuring Clari Omar Musser or his realted students and peers.,clipping;news,"Chicago, Illinois",,,Musser Collection; Dana Kimble; Wells-Rapp Center for Mallet Percussion Reseach Archives,1.5.4.1,Image;Stillimage,image;jpeg,eng,,,FC1_2,Great
musser102,,,,,,PAS Clair Omar Musser Collection List,Andrew Veit,1819;1956,PAS Clair Omar Musser Collection List,collection;musser,"Indianapolis, Indianapolis",,,Musser Collection; Dana Kimble; Wells-Rapp Center for Mallet Percussion Reseach Archives,1.5.5.1,Image;Stillimage,image;jpeg,eng,,,FC1_2,Great
musser103,,,,Lionel Hampton,Teddy Wilson,Lionel Hampton's Vibraphone Folio of Rhythm Choruses,Andrew Veit,1937,Method book of Lionel Hampton's Vibraphone Folio of Rhythm Choruses,hampton;vibraphone;mallets,"New York City, New York",,,Musser Collection; Dana Kimble; Wells-Rapp Center for Mallet Percussion Reseach Archives,1.6.86.1,Image;Sheetmusic,image;jpeg,eng,,,FC1_2,Ok
musser104,,,,Maxine Tannehill,,Mairimba Method,Andrew Veit,1947,1947 edition of Maxine Tannehill's Marimba Malet method book. Featuring exerices and etudes for 2 and 4 malelts. Included in the Dana Kimble Clair Musser collection.,methodbook;mallets,"St. Paul, Minnesota",,,Musser Collection; Dana Kimble; Wells-Rapp Center for Mallet Percussion Reseach Archives,1.6.87.1,Image;Sheetmusic,image;jpeg,eng,,,FC1_2,Ok